{
  "controller/App.controller.js": 1723064757855,
  "manifest.json": 1723291188139,
  "controller/View1.controller.js": 1723070918001,
  "i18n/i18n.properties": 1723064765031,
  "model/models.js": 1723064757851,
  "Component.js": 1723064757843,
  "controller/View1-dbg.controller.js": 1723070918001,
  "controller/View1.controller.js.map": 1723291188242,
  "controller/App-dbg.controller.js": 1723064757855,
  "controller/App.controller.js.map": 1723291188238,
  "model/models-dbg.js": 1723064757851,
  "model/models.js.map": 1723291188239,
  "Component-dbg.js": 1723064757843,
  "Component.js.map": 1723291188239,
  "Component-preload.js": 1723291188309,
  "Component-preload.js.map": 1723291188310,
  "view/View1.view.xml": 1723067253573,
  "view/App.view.xml": 1723064757855,
  "css/style.css": 1723064757855,
  "Fragment/Frag.fragment.xml": 1723071378671,
  "index.html": 1723064757847
}